?targetProperty	?superDomainLabel	?domainLabel	?targetPropertyLabel	?rangeLabel	?superRangeLabel	?otherProperty	?otherDomainLabel	?otherPropertyLabel	?otherRangeLabel
<http://www.w3.org/ns/prov#actedOnBehalfOf>	"continuant"@en	"Agent"	"actedOnBehalfOf"	"Agent"	"continuant"@en	<http://purl.obolibrary.org/obo/BFO_0000110>	"continuant"@en	"has continuant part at all times"@en	"continuant"@en
<http://www.w3.org/ns/prov#actedOnBehalfOf>	"continuant"@en	"Agent"	"actedOnBehalfOf"	"Agent"	"continuant"@en	<http://purl.obolibrary.org/obo/BFO_0000111>	"continuant"@en	"has proper continuant part at all times"@en	"continuant"@en
<http://www.w3.org/ns/prov#actedOnBehalfOf>	"continuant"@en	"Agent"	"actedOnBehalfOf"	"Agent"	"continuant"@en	<http://purl.obolibrary.org/obo/BFO_0000137>	"continuant"@en	"proper continuant part of at all times"@en	"continuant"@en
<http://www.w3.org/ns/prov#actedOnBehalfOf>	"continuant"@en	"Agent"	"actedOnBehalfOf"	"Agent"	"continuant"@en	<http://purl.obolibrary.org/obo/BFO_0000174>	"continuant"@en	"has proper continuant part at some time"@en	"continuant"@en
<http://www.w3.org/ns/prov#actedOnBehalfOf>	"continuant"@en	"Agent"	"actedOnBehalfOf"	"Agent"	"continuant"@en	<http://purl.obolibrary.org/obo/BFO_0000175>	"continuant"@en	"proper continuant part of at some time"@en	"continuant"@en
<http://www.w3.org/ns/prov#actedOnBehalfOf>	"continuant"@en	"Agent"	"actedOnBehalfOf"	"Agent"	"continuant"@en	<http://purl.obolibrary.org/obo/BFO_0000176>	"continuant"@en	"continuant part of at some time"@en	"continuant"@en
<http://www.w3.org/ns/prov#actedOnBehalfOf>	"continuant"@en	"Agent"	"actedOnBehalfOf"	"Agent"	"continuant"@en	<http://purl.obolibrary.org/obo/BFO_0000177>	"continuant"@en	"continuant part of at all times"@en	"continuant"@en
<http://www.w3.org/ns/prov#actedOnBehalfOf>	"continuant"@en	"Agent"	"actedOnBehalfOf"	"Agent"	"continuant"@en	<http://purl.obolibrary.org/obo/BFO_0000178>	"continuant"@en	"has continuant part at some time"@en	"continuant"@en
<http://www.w3.org/ns/prov#actedOnBehalfOf>	"independent continuant"@en	"Agent"	"actedOnBehalfOf"	"Agent"	"independent continuant"@en	<http://purl.obolibrary.org/obo/RO_0001025>	"independent continuant"@en	"located in"@en	"independent continuant"@en
<http://www.w3.org/ns/prov#actedOnBehalfOf>	"independent continuant"@en	"Agent"	"actedOnBehalfOf"	"Agent"	"independent continuant"@en	<http://www.ontologyrepository.com/CommonCoreOntologies/is_predecessor_of>	"independent continuant"@en	"is predecessor of"@en	"independent continuant"@en
<http://www.w3.org/ns/prov#actedOnBehalfOf>	"independent continuant"@en	"Agent"	"actedOnBehalfOf"	"Agent"	"independent continuant"@en	<http://www.ontologyrepository.com/CommonCoreOntologies/is_successor_of>	"independent continuant"@en	"is successor of"@en	"independent continuant"@en
<http://www.w3.org/ns/prov#actedOnBehalfOf>	"material entity"@en	"Agent"	"actedOnBehalfOf"	"Agent"	"material entity"@en	<http://purl.obolibrary.org/obo/BFO_0000115>	"material entity"@en	"has member part at some time"@en	"material entity"@en
<http://www.w3.org/ns/prov#actedOnBehalfOf>	"material entity"@en	"Agent"	"actedOnBehalfOf"	"Agent"	"material entity"@en	<http://purl.obolibrary.org/obo/BFO_0000129>	"material entity"@en	"member part of at some time"@en	"material entity"@en
<http://www.w3.org/ns/prov#actedOnBehalfOf>	"material entity"@en	"Agent"	"actedOnBehalfOf"	"Agent"	"material entity"@en	<http://purl.obolibrary.org/obo/BFO_0000172>	"material entity"@en	"has member part at all times"@en	"material entity"@en
<http://www.w3.org/ns/prov#actedOnBehalfOf>	"material entity"@en	"Agent"	"actedOnBehalfOf"	"Agent"	"material entity"@en	<http://purl.obolibrary.org/obo/BFO_0000173>	"material entity"@en	"member part of at all times"@en	"material entity"@en
<http://www.w3.org/ns/prov#actedOnBehalfOf>	"material entity"@en	"Agent"	"actedOnBehalfOf"	"Agent"	"independent continuant"@en	<http://purl.obolibrary.org/obo/RO_0001018>	"material entity"@en	"contained in"@en	"independent continuant"@en
<http://www.w3.org/ns/prov#activity>	"occurrent"@en	"ActivityInfluence"	"activity"	"Activity"	"occurrent"@en	<http://purl.obolibrary.org/obo/BFO_0000062>	"occurrent"@en	"preceded by"@en	"occurrent"@en
<http://www.w3.org/ns/prov#activity>	"occurrent"@en	"ActivityInfluence"	"activity"	"Activity"	"occurrent"@en	<http://purl.obolibrary.org/obo/BFO_0000063>	"occurrent"@en	"precedes"@en	"occurrent"@en
<http://www.w3.org/ns/prov#activity>	"occurrent"@en	"ActivityInfluence"	"activity"	"Activity"	"occurrent"@en	<http://purl.obolibrary.org/obo/BFO_0000117>	"occurrent"@en	"has occurrent part"@en	"occurrent"@en
<http://www.w3.org/ns/prov#activity>	"occurrent"@en	"ActivityInfluence"	"activity"	"Activity"	"occurrent"@en	<http://purl.obolibrary.org/obo/BFO_0000118>	"occurrent"@en	"has proper occurrent part"@en	"occurrent"@en
<http://www.w3.org/ns/prov#activity>	"occurrent"@en	"ActivityInfluence"	"activity"	"Activity"	"occurrent"@en	<http://purl.obolibrary.org/obo/BFO_0000121>	"occurrent"@en	"has temporal part"@en	"occurrent"@en
<http://www.w3.org/ns/prov#activity>	"occurrent"@en	"ActivityInfluence"	"activity"	"Activity"	"occurrent"@en	<http://purl.obolibrary.org/obo/BFO_0000132>	"occurrent"@en	"occurrent part of"@en	"occurrent"@en
<http://www.w3.org/ns/prov#activity>	"occurrent"@en	"ActivityInfluence"	"activity"	"Activity"	"occurrent"@en	<http://purl.obolibrary.org/obo/BFO_0000136>	"occurrent"@en	"proper temporal part of"@en	"occurrent"@en
<http://www.w3.org/ns/prov#activity>	"occurrent"@en	"ActivityInfluence"	"activity"	"Activity"	"occurrent"@en	<http://purl.obolibrary.org/obo/BFO_0000138>	"occurrent"@en	"proper occurrent part of"@en	"occurrent"@en
<http://www.w3.org/ns/prov#activity>	"occurrent"@en	"ActivityInfluence"	"activity"	"Activity"	"occurrent"@en	<http://purl.obolibrary.org/obo/BFO_0000139>	"occurrent"@en	"temporal part of"@en	"occurrent"@en
<http://www.w3.org/ns/prov#activity>	"occurrent"@en	"ActivityInfluence"	"activity"	"Activity"	"occurrent"@en	<http://purl.obolibrary.org/obo/BFO_0000181>	"occurrent"@en	"has proper temporal part"@en	"occurrent"@en
<http://www.w3.org/ns/prov#activity>	"occurrent"@en	"ActivityInfluence"	"activity"	"Activity"	"occurrent"@en	<http://www.ontologyrepository.com/CommonCoreOntologies/caused_by>	"occurrent"@en	"caused by"@en	"occurrent"@en
<http://www.w3.org/ns/prov#activity>	"occurrent"@en	"ActivityInfluence"	"activity"	"Activity"	"occurrent"@en	<http://www.ontologyrepository.com/CommonCoreOntologies/is_cause_of>	"occurrent"@en	"is cause of"@en	"occurrent"@en
<http://www.w3.org/ns/prov#activity>	"process"@en	"ActivityInfluence"	"activity"	"Activity"	"process"@en	<http://www.ontologyrepository.com/CommonCoreOntologies/disrupts>	"process"@en	"disrupts"@en	"process"@en
<http://www.w3.org/ns/prov#activity>	"process"@en	"ActivityInfluence"	"activity"	"Activity"	"process"@en	<http://www.ontologyrepository.com/CommonCoreOntologies/has_process_part>	"process"@en	"has process part"@en	"process"@en
<http://www.w3.org/ns/prov#activity>	"process"@en	"ActivityInfluence"	"activity"	"Activity"	"process"@en	<http://www.ontologyrepository.com/CommonCoreOntologies/is_disrupted_by>	"process"@en	"is disrupted by"@en	"process"@en
<http://www.w3.org/ns/prov#activity>	"process"@en	"ActivityInfluence"	"activity"	"Activity"	"process"@en	<http://www.ontologyrepository.com/CommonCoreOntologies/is_part_of_process>	"process"@en	"is part of process"@en	"process"@en
<http://www.w3.org/ns/prov#agent>	"occurrent"@en	"AgentInfluence"	"agent"	"Agent"	"independent continuant"@en	<http://purl.obolibrary.org/obo/BFO_0000066>	"occurrent"@en	"occurs in"@en	"independent continuant"@en
<http://www.w3.org/ns/prov#agent>	"occurrent"@en	"AgentInfluence"	"agent"	"Agent"	"continuant"@en	<http://purl.obolibrary.org/obo/RO_0000057>	"occurrent"@en	"has participant"@en	"continuant"@en
<http://www.w3.org/ns/prov#agent>	"process"@en	"AgentInfluence"	"agent"	"Agent"	"continuant"@en	<http://www.ontologyrepository.com/CommonCoreOntologies/affects>	"process"@en	"affects"@en	"continuant"@en
<http://www.w3.org/ns/prov#agent>	"process"@en	"AgentInfluence"	"agent"	"Agent"	"material entity"@en	<http://www.ontologyrepository.com/CommonCoreOntologies/has_accessory>	"process"@en	"has accessory"@en	"material entity"@en
<http://www.w3.org/ns/prov#agent>	"process"@en	"AgentInfluence"	"agent"	"Agent"	"material entity"@en	<http://www.ontologyrepository.com/CommonCoreOntologies/has_accomplice>	"process"@en	"has accomplice"@en	"material entity"@en
<http://www.w3.org/ns/prov#agent>	"process"@en	"AgentInfluence"	"agent"	"Agent"	"continuant"@en	<http://www.ontologyrepository.com/CommonCoreOntologies/has_input>	"process"@en	"has input"@en	"continuant"@en
<http://www.w3.org/ns/prov#agent>	"process"@en	"AgentInfluence"	"agent"	"Agent"	"continuant"@en	<http://www.ontologyrepository.com/CommonCoreOntologies/has_output>	"process"@en	"has output"@en	"continuant"@en
<http://www.w3.org/ns/prov#alternateOf>	"continuant"@en	"Entity"	"alternateOf"	"Entity"	"continuant"@en	<http://purl.obolibrary.org/obo/BFO_0000110>	"continuant"@en	"has continuant part at all times"@en	"continuant"@en
<http://www.w3.org/ns/prov#alternateOf>	"continuant"@en	"Entity"	"alternateOf"	"Entity"	"continuant"@en	<http://purl.obolibrary.org/obo/BFO_0000111>	"continuant"@en	"has proper continuant part at all times"@en	"continuant"@en
<http://www.w3.org/ns/prov#alternateOf>	"continuant"@en	"Entity"	"alternateOf"	"Entity"	"continuant"@en	<http://purl.obolibrary.org/obo/BFO_0000137>	"continuant"@en	"proper continuant part of at all times"@en	"continuant"@en
<http://www.w3.org/ns/prov#alternateOf>	"continuant"@en	"Entity"	"alternateOf"	"Entity"	"continuant"@en	<http://purl.obolibrary.org/obo/BFO_0000174>	"continuant"@en	"has proper continuant part at some time"@en	"continuant"@en
<http://www.w3.org/ns/prov#alternateOf>	"continuant"@en	"Entity"	"alternateOf"	"Entity"	"continuant"@en	<http://purl.obolibrary.org/obo/BFO_0000175>	"continuant"@en	"proper continuant part of at some time"@en	"continuant"@en
<http://www.w3.org/ns/prov#alternateOf>	"continuant"@en	"Entity"	"alternateOf"	"Entity"	"continuant"@en	<http://purl.obolibrary.org/obo/BFO_0000176>	"continuant"@en	"continuant part of at some time"@en	"continuant"@en
<http://www.w3.org/ns/prov#alternateOf>	"continuant"@en	"Entity"	"alternateOf"	"Entity"	"continuant"@en	<http://purl.obolibrary.org/obo/BFO_0000177>	"continuant"@en	"continuant part of at all times"@en	"continuant"@en
<http://www.w3.org/ns/prov#alternateOf>	"continuant"@en	"Entity"	"alternateOf"	"Entity"	"continuant"@en	<http://purl.obolibrary.org/obo/BFO_0000178>	"continuant"@en	"has continuant part at some time"@en	"continuant"@en
<http://www.w3.org/ns/prov#entity>	"occurrent"@en	"EntityInfluence"	"entity"	"Entity"	"continuant"@en	<http://purl.obolibrary.org/obo/RO_0000057>	"occurrent"@en	"has participant"@en	"continuant"@en
<http://www.w3.org/ns/prov#entity>	"process"@en	"EntityInfluence"	"entity"	"Entity"	"continuant"@en	<http://www.ontologyrepository.com/CommonCoreOntologies/affects>	"process"@en	"affects"@en	"continuant"@en
<http://www.w3.org/ns/prov#entity>	"process"@en	"EntityInfluence"	"entity"	"Entity"	"continuant"@en	<http://www.ontologyrepository.com/CommonCoreOntologies/has_input>	"process"@en	"has input"@en	"continuant"@en
<http://www.w3.org/ns/prov#entity>	"process"@en	"EntityInfluence"	"entity"	"Entity"	"continuant"@en	<http://www.ontologyrepository.com/CommonCoreOntologies/has_output>	"process"@en	"has output"@en	"continuant"@en
<http://www.w3.org/ns/prov#generated>	"occurrent"@en	"Activity"	"generated"	"Entity"	"continuant"@en	<http://purl.obolibrary.org/obo/RO_0000057>	"occurrent"@en	"has participant"@en	"continuant"@en
<http://www.w3.org/ns/prov#generated>	"process"@en	"Activity"	"generated"	"Entity"	"continuant"@en	<http://www.ontologyrepository.com/CommonCoreOntologies/affects>	"process"@en	"affects"@en	"continuant"@en
<http://www.w3.org/ns/prov#generated>	"process"@en	"Activity"	"generated"	"Entity"	"continuant"@en	<http://www.ontologyrepository.com/CommonCoreOntologies/has_input>	"process"@en	"has input"@en	"continuant"@en
<http://www.w3.org/ns/prov#generated>	"process"@en	"Activity"	"generated"	"Entity"	"continuant"@en	<http://www.ontologyrepository.com/CommonCoreOntologies/has_output>	"process"@en	"has output"@en	"continuant"@en
<http://www.w3.org/ns/prov#hadActivity>	"occurrent"@en	"Influence"	"hadActivity"	"Activity"	"occurrent"@en	<http://purl.obolibrary.org/obo/BFO_0000062>	"occurrent"@en	"preceded by"@en	"occurrent"@en
<http://www.w3.org/ns/prov#hadActivity>	"occurrent"@en	"Influence"	"hadActivity"	"Activity"	"occurrent"@en	<http://purl.obolibrary.org/obo/BFO_0000063>	"occurrent"@en	"precedes"@en	"occurrent"@en
<http://www.w3.org/ns/prov#hadActivity>	"occurrent"@en	"Influence"	"hadActivity"	"Activity"	"occurrent"@en	<http://purl.obolibrary.org/obo/BFO_0000117>	"occurrent"@en	"has occurrent part"@en	"occurrent"@en
<http://www.w3.org/ns/prov#hadActivity>	"occurrent"@en	"Influence"	"hadActivity"	"Activity"	"occurrent"@en	<http://purl.obolibrary.org/obo/BFO_0000118>	"occurrent"@en	"has proper occurrent part"@en	"occurrent"@en
<http://www.w3.org/ns/prov#hadActivity>	"occurrent"@en	"Influence"	"hadActivity"	"Activity"	"occurrent"@en	<http://purl.obolibrary.org/obo/BFO_0000121>	"occurrent"@en	"has temporal part"@en	"occurrent"@en
<http://www.w3.org/ns/prov#hadActivity>	"occurrent"@en	"Influence"	"hadActivity"	"Activity"	"occurrent"@en	<http://purl.obolibrary.org/obo/BFO_0000132>	"occurrent"@en	"occurrent part of"@en	"occurrent"@en
<http://www.w3.org/ns/prov#hadActivity>	"occurrent"@en	"Influence"	"hadActivity"	"Activity"	"occurrent"@en	<http://purl.obolibrary.org/obo/BFO_0000136>	"occurrent"@en	"proper temporal part of"@en	"occurrent"@en
<http://www.w3.org/ns/prov#hadActivity>	"occurrent"@en	"Influence"	"hadActivity"	"Activity"	"occurrent"@en	<http://purl.obolibrary.org/obo/BFO_0000138>	"occurrent"@en	"proper occurrent part of"@en	"occurrent"@en
<http://www.w3.org/ns/prov#hadActivity>	"occurrent"@en	"Influence"	"hadActivity"	"Activity"	"occurrent"@en	<http://purl.obolibrary.org/obo/BFO_0000139>	"occurrent"@en	"temporal part of"@en	"occurrent"@en
<http://www.w3.org/ns/prov#hadActivity>	"occurrent"@en	"Influence"	"hadActivity"	"Activity"	"occurrent"@en	<http://purl.obolibrary.org/obo/BFO_0000181>	"occurrent"@en	"has proper temporal part"@en	"occurrent"@en
<http://www.w3.org/ns/prov#hadActivity>	"occurrent"@en	"Influence"	"hadActivity"	"Activity"	"occurrent"@en	<http://www.ontologyrepository.com/CommonCoreOntologies/caused_by>	"occurrent"@en	"caused by"@en	"occurrent"@en
<http://www.w3.org/ns/prov#hadActivity>	"occurrent"@en	"Influence"	"hadActivity"	"Activity"	"occurrent"@en	<http://www.ontologyrepository.com/CommonCoreOntologies/is_cause_of>	"occurrent"@en	"is cause of"@en	"occurrent"@en
<http://www.w3.org/ns/prov#hadActivity>	"process"@en	"Influence"	"hadActivity"	"Activity"	"process"@en	<http://www.ontologyrepository.com/CommonCoreOntologies/disrupts>	"process"@en	"disrupts"@en	"process"@en
<http://www.w3.org/ns/prov#hadActivity>	"process"@en	"Influence"	"hadActivity"	"Activity"	"process"@en	<http://www.ontologyrepository.com/CommonCoreOntologies/has_process_part>	"process"@en	"has process part"@en	"process"@en
<http://www.w3.org/ns/prov#hadActivity>	"process"@en	"Influence"	"hadActivity"	"Activity"	"process"@en	<http://www.ontologyrepository.com/CommonCoreOntologies/is_disrupted_by>	"process"@en	"is disrupted by"@en	"process"@en
<http://www.w3.org/ns/prov#hadActivity>	"process"@en	"Influence"	"hadActivity"	"Activity"	"process"@en	<http://www.ontologyrepository.com/CommonCoreOntologies/is_part_of_process>	"process"@en	"is part of process"@en	"process"@en
<http://www.w3.org/ns/prov#hadGeneration>	"occurrent"@en	"Derivation"	"hadGeneration"	"Generation"	"occurrent"@en	<http://purl.obolibrary.org/obo/BFO_0000062>	"occurrent"@en	"preceded by"@en	"occurrent"@en
<http://www.w3.org/ns/prov#hadGeneration>	"occurrent"@en	"Derivation"	"hadGeneration"	"Generation"	"occurrent"@en	<http://purl.obolibrary.org/obo/BFO_0000063>	"occurrent"@en	"precedes"@en	"occurrent"@en
<http://www.w3.org/ns/prov#hadGeneration>	"occurrent"@en	"Derivation"	"hadGeneration"	"Generation"	"occurrent"@en	<http://purl.obolibrary.org/obo/BFO_0000117>	"occurrent"@en	"has occurrent part"@en	"occurrent"@en
<http://www.w3.org/ns/prov#hadGeneration>	"occurrent"@en	"Derivation"	"hadGeneration"	"Generation"	"occurrent"@en	<http://purl.obolibrary.org/obo/BFO_0000118>	"occurrent"@en	"has proper occurrent part"@en	"occurrent"@en
<http://www.w3.org/ns/prov#hadGeneration>	"occurrent"@en	"Derivation"	"hadGeneration"	"Generation"	"occurrent"@en	<http://purl.obolibrary.org/obo/BFO_0000121>	"occurrent"@en	"has temporal part"@en	"occurrent"@en
<http://www.w3.org/ns/prov#hadGeneration>	"occurrent"@en	"Derivation"	"hadGeneration"	"Generation"	"occurrent"@en	<http://purl.obolibrary.org/obo/BFO_0000132>	"occurrent"@en	"occurrent part of"@en	"occurrent"@en
<http://www.w3.org/ns/prov#hadGeneration>	"occurrent"@en	"Derivation"	"hadGeneration"	"Generation"	"occurrent"@en	<http://purl.obolibrary.org/obo/BFO_0000136>	"occurrent"@en	"proper temporal part of"@en	"occurrent"@en
<http://www.w3.org/ns/prov#hadGeneration>	"occurrent"@en	"Derivation"	"hadGeneration"	"Generation"	"occurrent"@en	<http://purl.obolibrary.org/obo/BFO_0000138>	"occurrent"@en	"proper occurrent part of"@en	"occurrent"@en
<http://www.w3.org/ns/prov#hadGeneration>	"occurrent"@en	"Derivation"	"hadGeneration"	"Generation"	"occurrent"@en	<http://purl.obolibrary.org/obo/BFO_0000139>	"occurrent"@en	"temporal part of"@en	"occurrent"@en
<http://www.w3.org/ns/prov#hadGeneration>	"occurrent"@en	"Derivation"	"hadGeneration"	"Generation"	"occurrent"@en	<http://purl.obolibrary.org/obo/BFO_0000181>	"occurrent"@en	"has proper temporal part"@en	"occurrent"@en
<http://www.w3.org/ns/prov#hadGeneration>	"occurrent"@en	"Derivation"	"hadGeneration"	"Generation"	"occurrent"@en	<http://www.ontologyrepository.com/CommonCoreOntologies/caused_by>	"occurrent"@en	"caused by"@en	"occurrent"@en
<http://www.w3.org/ns/prov#hadGeneration>	"occurrent"@en	"Derivation"	"hadGeneration"	"Generation"	"occurrent"@en	<http://www.ontologyrepository.com/CommonCoreOntologies/is_cause_of>	"occurrent"@en	"is cause of"@en	"occurrent"@en
<http://www.w3.org/ns/prov#hadGeneration>	"process"@en	"Derivation"	"hadGeneration"	"Generation"	"process"@en	<http://www.ontologyrepository.com/CommonCoreOntologies/disrupts>	"process"@en	"disrupts"@en	"process"@en
<http://www.w3.org/ns/prov#hadGeneration>	"process"@en	"Derivation"	"hadGeneration"	"Generation"	"process"@en	<http://www.ontologyrepository.com/CommonCoreOntologies/has_process_part>	"process"@en	"has process part"@en	"process"@en
<http://www.w3.org/ns/prov#hadGeneration>	"process"@en	"Derivation"	"hadGeneration"	"Generation"	"process"@en	<http://www.ontologyrepository.com/CommonCoreOntologies/is_disrupted_by>	"process"@en	"is disrupted by"@en	"process"@en
<http://www.w3.org/ns/prov#hadGeneration>	"process"@en	"Derivation"	"hadGeneration"	"Generation"	"process"@en	<http://www.ontologyrepository.com/CommonCoreOntologies/is_part_of_process>	"process"@en	"is part of process"@en	"process"@en
<http://www.w3.org/ns/prov#hadMember>	"continuant"@en	"Collection"	"hadMember"	"Entity"	"continuant"@en	<http://purl.obolibrary.org/obo/BFO_0000110>	"continuant"@en	"has continuant part at all times"@en	"continuant"@en
<http://www.w3.org/ns/prov#hadMember>	"continuant"@en	"Collection"	"hadMember"	"Entity"	"continuant"@en	<http://purl.obolibrary.org/obo/BFO_0000111>	"continuant"@en	"has proper continuant part at all times"@en	"continuant"@en
<http://www.w3.org/ns/prov#hadMember>	"continuant"@en	"Collection"	"hadMember"	"Entity"	"continuant"@en	<http://purl.obolibrary.org/obo/BFO_0000137>	"continuant"@en	"proper continuant part of at all times"@en	"continuant"@en
<http://www.w3.org/ns/prov#hadMember>	"continuant"@en	"Collection"	"hadMember"	"Entity"	"continuant"@en	<http://purl.obolibrary.org/obo/BFO_0000174>	"continuant"@en	"has proper continuant part at some time"@en	"continuant"@en
<http://www.w3.org/ns/prov#hadMember>	"continuant"@en	"Collection"	"hadMember"	"Entity"	"continuant"@en	<http://purl.obolibrary.org/obo/BFO_0000175>	"continuant"@en	"proper continuant part of at some time"@en	"continuant"@en
<http://www.w3.org/ns/prov#hadMember>	"continuant"@en	"Collection"	"hadMember"	"Entity"	"continuant"@en	<http://purl.obolibrary.org/obo/BFO_0000176>	"continuant"@en	"continuant part of at some time"@en	"continuant"@en
<http://www.w3.org/ns/prov#hadMember>	"continuant"@en	"Collection"	"hadMember"	"Entity"	"continuant"@en	<http://purl.obolibrary.org/obo/BFO_0000177>	"continuant"@en	"continuant part of at all times"@en	"continuant"@en
<http://www.w3.org/ns/prov#hadMember>	"continuant"@en	"Collection"	"hadMember"	"Entity"	"continuant"@en	<http://purl.obolibrary.org/obo/BFO_0000178>	"continuant"@en	"has continuant part at some time"@en	"continuant"@en
<http://www.w3.org/ns/prov#hadPlan>	"occurrent"@en	"Association"	"hadPlan"	"Plan"	"continuant"@en	<http://purl.obolibrary.org/obo/RO_0000057>	"occurrent"@en	"has participant"@en	"continuant"@en
<http://www.w3.org/ns/prov#hadPlan>	"process"@en	"Association"	"hadPlan"	"Plan"	"continuant"@en	<http://www.ontologyrepository.com/CommonCoreOntologies/affects>	"process"@en	"affects"@en	"continuant"@en
<http://www.w3.org/ns/prov#hadPlan>	"process"@en	"Association"	"hadPlan"	"Plan"	"continuant"@en	<http://www.ontologyrepository.com/CommonCoreOntologies/has_input>	"process"@en	"has input"@en	"continuant"@en
<http://www.w3.org/ns/prov#hadPlan>	"process"@en	"Association"	"hadPlan"	"Plan"	"continuant"@en	<http://www.ontologyrepository.com/CommonCoreOntologies/has_output>	"process"@en	"has output"@en	"continuant"@en
<http://www.w3.org/ns/prov#hadPrimarySource>	"continuant"@en	"Entity"	"hadPrimarySource"	"Entity"	"continuant"@en	<http://purl.obolibrary.org/obo/BFO_0000110>	"continuant"@en	"has continuant part at all times"@en	"continuant"@en
<http://www.w3.org/ns/prov#hadPrimarySource>	"continuant"@en	"Entity"	"hadPrimarySource"	"Entity"	"continuant"@en	<http://purl.obolibrary.org/obo/BFO_0000111>	"continuant"@en	"has proper continuant part at all times"@en	"continuant"@en
<http://www.w3.org/ns/prov#hadPrimarySource>	"continuant"@en	"Entity"	"hadPrimarySource"	"Entity"	"continuant"@en	<http://purl.obolibrary.org/obo/BFO_0000137>	"continuant"@en	"proper continuant part of at all times"@en	"continuant"@en
<http://www.w3.org/ns/prov#hadPrimarySource>	"continuant"@en	"Entity"	"hadPrimarySource"	"Entity"	"continuant"@en	<http://purl.obolibrary.org/obo/BFO_0000174>	"continuant"@en	"has proper continuant part at some time"@en	"continuant"@en
<http://www.w3.org/ns/prov#hadPrimarySource>	"continuant"@en	"Entity"	"hadPrimarySource"	"Entity"	"continuant"@en	<http://purl.obolibrary.org/obo/BFO_0000175>	"continuant"@en	"proper continuant part of at some time"@en	"continuant"@en
<http://www.w3.org/ns/prov#hadPrimarySource>	"continuant"@en	"Entity"	"hadPrimarySource"	"Entity"	"continuant"@en	<http://purl.obolibrary.org/obo/BFO_0000176>	"continuant"@en	"continuant part of at some time"@en	"continuant"@en
<http://www.w3.org/ns/prov#hadPrimarySource>	"continuant"@en	"Entity"	"hadPrimarySource"	"Entity"	"continuant"@en	<http://purl.obolibrary.org/obo/BFO_0000177>	"continuant"@en	"continuant part of at all times"@en	"continuant"@en
<http://www.w3.org/ns/prov#hadPrimarySource>	"continuant"@en	"Entity"	"hadPrimarySource"	"Entity"	"continuant"@en	<http://purl.obolibrary.org/obo/BFO_0000178>	"continuant"@en	"has continuant part at some time"@en	"continuant"@en
<http://www.w3.org/ns/prov#hadRole>	"occurrent"@en	"Influence"	"hadRole"	"Role"	"continuant"@en	<http://purl.obolibrary.org/obo/RO_0000057>	"occurrent"@en	"has participant"@en	"continuant"@en
<http://www.w3.org/ns/prov#hadRole>	"process"@en	"Influence"	"hadRole"	"Role"	"realizable entity"@en	<http://purl.obolibrary.org/obo/BFO_0000055>	"process"@en	"realizes"@en	"realizable entity"@en
<http://www.w3.org/ns/prov#hadRole>	"process"@en	"Influence"	"hadRole"	"Role"	"continuant"@en	<http://www.ontologyrepository.com/CommonCoreOntologies/affects>	"process"@en	"affects"@en	"continuant"@en
<http://www.w3.org/ns/prov#hadRole>	"process"@en	"Influence"	"hadRole"	"Role"	"continuant"@en	<http://www.ontologyrepository.com/CommonCoreOntologies/has_input>	"process"@en	"has input"@en	"continuant"@en
<http://www.w3.org/ns/prov#hadRole>	"process"@en	"Influence"	"hadRole"	"Role"	"continuant"@en	<http://www.ontologyrepository.com/CommonCoreOntologies/has_output>	"process"@en	"has output"@en	"continuant"@en
<http://www.w3.org/ns/prov#hadUsage>	"occurrent"@en	"Derivation"	"hadUsage"	"Usage"	"occurrent"@en	<http://purl.obolibrary.org/obo/BFO_0000062>	"occurrent"@en	"preceded by"@en	"occurrent"@en
<http://www.w3.org/ns/prov#hadUsage>	"occurrent"@en	"Derivation"	"hadUsage"	"Usage"	"occurrent"@en	<http://purl.obolibrary.org/obo/BFO_0000063>	"occurrent"@en	"precedes"@en	"occurrent"@en
<http://www.w3.org/ns/prov#hadUsage>	"occurrent"@en	"Derivation"	"hadUsage"	"Usage"	"occurrent"@en	<http://purl.obolibrary.org/obo/BFO_0000117>	"occurrent"@en	"has occurrent part"@en	"occurrent"@en
<http://www.w3.org/ns/prov#hadUsage>	"occurrent"@en	"Derivation"	"hadUsage"	"Usage"	"occurrent"@en	<http://purl.obolibrary.org/obo/BFO_0000118>	"occurrent"@en	"has proper occurrent part"@en	"occurrent"@en
<http://www.w3.org/ns/prov#hadUsage>	"occurrent"@en	"Derivation"	"hadUsage"	"Usage"	"occurrent"@en	<http://purl.obolibrary.org/obo/BFO_0000121>	"occurrent"@en	"has temporal part"@en	"occurrent"@en
<http://www.w3.org/ns/prov#hadUsage>	"occurrent"@en	"Derivation"	"hadUsage"	"Usage"	"occurrent"@en	<http://purl.obolibrary.org/obo/BFO_0000132>	"occurrent"@en	"occurrent part of"@en	"occurrent"@en
<http://www.w3.org/ns/prov#hadUsage>	"occurrent"@en	"Derivation"	"hadUsage"	"Usage"	"occurrent"@en	<http://purl.obolibrary.org/obo/BFO_0000136>	"occurrent"@en	"proper temporal part of"@en	"occurrent"@en
<http://www.w3.org/ns/prov#hadUsage>	"occurrent"@en	"Derivation"	"hadUsage"	"Usage"	"occurrent"@en	<http://purl.obolibrary.org/obo/BFO_0000138>	"occurrent"@en	"proper occurrent part of"@en	"occurrent"@en
<http://www.w3.org/ns/prov#hadUsage>	"occurrent"@en	"Derivation"	"hadUsage"	"Usage"	"occurrent"@en	<http://purl.obolibrary.org/obo/BFO_0000139>	"occurrent"@en	"temporal part of"@en	"occurrent"@en
<http://www.w3.org/ns/prov#hadUsage>	"occurrent"@en	"Derivation"	"hadUsage"	"Usage"	"occurrent"@en	<http://purl.obolibrary.org/obo/BFO_0000181>	"occurrent"@en	"has proper temporal part"@en	"occurrent"@en
<http://www.w3.org/ns/prov#hadUsage>	"occurrent"@en	"Derivation"	"hadUsage"	"Usage"	"occurrent"@en	<http://www.ontologyrepository.com/CommonCoreOntologies/caused_by>	"occurrent"@en	"caused by"@en	"occurrent"@en
<http://www.w3.org/ns/prov#hadUsage>	"occurrent"@en	"Derivation"	"hadUsage"	"Usage"	"occurrent"@en	<http://www.ontologyrepository.com/CommonCoreOntologies/is_cause_of>	"occurrent"@en	"is cause of"@en	"occurrent"@en
<http://www.w3.org/ns/prov#hadUsage>	"process"@en	"Derivation"	"hadUsage"	"Usage"	"process"@en	<http://www.ontologyrepository.com/CommonCoreOntologies/disrupts>	"process"@en	"disrupts"@en	"process"@en
<http://www.w3.org/ns/prov#hadUsage>	"process"@en	"Derivation"	"hadUsage"	"Usage"	"process"@en	<http://www.ontologyrepository.com/CommonCoreOntologies/has_process_part>	"process"@en	"has process part"@en	"process"@en
<http://www.w3.org/ns/prov#hadUsage>	"process"@en	"Derivation"	"hadUsage"	"Usage"	"process"@en	<http://www.ontologyrepository.com/CommonCoreOntologies/is_disrupted_by>	"process"@en	"is disrupted by"@en	"process"@en
<http://www.w3.org/ns/prov#hadUsage>	"process"@en	"Derivation"	"hadUsage"	"Usage"	"process"@en	<http://www.ontologyrepository.com/CommonCoreOntologies/is_part_of_process>	"process"@en	"is part of process"@en	"process"@en
<http://www.w3.org/ns/prov#invalidated>	"occurrent"@en	"Activity"	"invalidated"	"Entity"	"continuant"@en	<http://purl.obolibrary.org/obo/RO_0000057>	"occurrent"@en	"has participant"@en	"continuant"@en
<http://www.w3.org/ns/prov#invalidated>	"process"@en	"Activity"	"invalidated"	"Entity"	"continuant"@en	<http://www.ontologyrepository.com/CommonCoreOntologies/affects>	"process"@en	"affects"@en	"continuant"@en
<http://www.w3.org/ns/prov#invalidated>	"process"@en	"Activity"	"invalidated"	"Entity"	"continuant"@en	<http://www.ontologyrepository.com/CommonCoreOntologies/has_input>	"process"@en	"has input"@en	"continuant"@en
<http://www.w3.org/ns/prov#invalidated>	"process"@en	"Activity"	"invalidated"	"Entity"	"continuant"@en	<http://www.ontologyrepository.com/CommonCoreOntologies/has_output>	"process"@en	"has output"@en	"continuant"@en
<http://www.w3.org/ns/prov#qualifiedAssociation>	"occurrent"@en	"Activity"	"qualifiedAssociation"	"Association"	"occurrent"@en	<http://purl.obolibrary.org/obo/BFO_0000062>	"occurrent"@en	"preceded by"@en	"occurrent"@en
<http://www.w3.org/ns/prov#qualifiedAssociation>	"occurrent"@en	"Activity"	"qualifiedAssociation"	"Association"	"occurrent"@en	<http://purl.obolibrary.org/obo/BFO_0000063>	"occurrent"@en	"precedes"@en	"occurrent"@en
<http://www.w3.org/ns/prov#qualifiedAssociation>	"occurrent"@en	"Activity"	"qualifiedAssociation"	"Association"	"occurrent"@en	<http://purl.obolibrary.org/obo/BFO_0000117>	"occurrent"@en	"has occurrent part"@en	"occurrent"@en
<http://www.w3.org/ns/prov#qualifiedAssociation>	"occurrent"@en	"Activity"	"qualifiedAssociation"	"Association"	"occurrent"@en	<http://purl.obolibrary.org/obo/BFO_0000118>	"occurrent"@en	"has proper occurrent part"@en	"occurrent"@en
<http://www.w3.org/ns/prov#qualifiedAssociation>	"occurrent"@en	"Activity"	"qualifiedAssociation"	"Association"	"occurrent"@en	<http://purl.obolibrary.org/obo/BFO_0000121>	"occurrent"@en	"has temporal part"@en	"occurrent"@en
<http://www.w3.org/ns/prov#qualifiedAssociation>	"occurrent"@en	"Activity"	"qualifiedAssociation"	"Association"	"occurrent"@en	<http://purl.obolibrary.org/obo/BFO_0000132>	"occurrent"@en	"occurrent part of"@en	"occurrent"@en
<http://www.w3.org/ns/prov#qualifiedAssociation>	"occurrent"@en	"Activity"	"qualifiedAssociation"	"Association"	"occurrent"@en	<http://purl.obolibrary.org/obo/BFO_0000136>	"occurrent"@en	"proper temporal part of"@en	"occurrent"@en
<http://www.w3.org/ns/prov#qualifiedAssociation>	"occurrent"@en	"Activity"	"qualifiedAssociation"	"Association"	"occurrent"@en	<http://purl.obolibrary.org/obo/BFO_0000138>	"occurrent"@en	"proper occurrent part of"@en	"occurrent"@en
<http://www.w3.org/ns/prov#qualifiedAssociation>	"occurrent"@en	"Activity"	"qualifiedAssociation"	"Association"	"occurrent"@en	<http://purl.obolibrary.org/obo/BFO_0000139>	"occurrent"@en	"temporal part of"@en	"occurrent"@en
<http://www.w3.org/ns/prov#qualifiedAssociation>	"occurrent"@en	"Activity"	"qualifiedAssociation"	"Association"	"occurrent"@en	<http://purl.obolibrary.org/obo/BFO_0000181>	"occurrent"@en	"has proper temporal part"@en	"occurrent"@en
<http://www.w3.org/ns/prov#qualifiedAssociation>	"occurrent"@en	"Activity"	"qualifiedAssociation"	"Association"	"occurrent"@en	<http://www.ontologyrepository.com/CommonCoreOntologies/caused_by>	"occurrent"@en	"caused by"@en	"occurrent"@en
<http://www.w3.org/ns/prov#qualifiedAssociation>	"occurrent"@en	"Activity"	"qualifiedAssociation"	"Association"	"occurrent"@en	<http://www.ontologyrepository.com/CommonCoreOntologies/is_cause_of>	"occurrent"@en	"is cause of"@en	"occurrent"@en
<http://www.w3.org/ns/prov#qualifiedAssociation>	"process"@en	"Activity"	"qualifiedAssociation"	"Association"	"process"@en	<http://www.ontologyrepository.com/CommonCoreOntologies/disrupts>	"process"@en	"disrupts"@en	"process"@en
<http://www.w3.org/ns/prov#qualifiedAssociation>	"process"@en	"Activity"	"qualifiedAssociation"	"Association"	"process"@en	<http://www.ontologyrepository.com/CommonCoreOntologies/has_process_part>	"process"@en	"has process part"@en	"process"@en
<http://www.w3.org/ns/prov#qualifiedAssociation>	"process"@en	"Activity"	"qualifiedAssociation"	"Association"	"process"@en	<http://www.ontologyrepository.com/CommonCoreOntologies/is_disrupted_by>	"process"@en	"is disrupted by"@en	"process"@en
<http://www.w3.org/ns/prov#qualifiedAssociation>	"process"@en	"Activity"	"qualifiedAssociation"	"Association"	"process"@en	<http://www.ontologyrepository.com/CommonCoreOntologies/is_part_of_process>	"process"@en	"is part of process"@en	"process"@en
<http://www.w3.org/ns/prov#qualifiedAttribution>	"continuant"@en	"Entity"	"qualifiedAttribution"	"Attribution"	"occurrent"@en	<http://purl.obolibrary.org/obo/RO_0000056>	"continuant"@en	"participates in"@en	"occurrent"@en
<http://www.w3.org/ns/prov#qualifiedAttribution>	"continuant"@en	"Entity"	"qualifiedAttribution"	"Attribution"	"process"@en	<http://www.ontologyrepository.com/CommonCoreOntologies/is_affected_by>	"continuant"@en	"is affected by"@en	"process"@en
<http://www.w3.org/ns/prov#qualifiedAttribution>	"continuant"@en	"Entity"	"qualifiedAttribution"	"Attribution"	"process"@en	<http://www.ontologyrepository.com/CommonCoreOntologies/is_input_of>	"continuant"@en	"is input of"@en	"process"@en
<http://www.w3.org/ns/prov#qualifiedAttribution>	"continuant"@en	"Entity"	"qualifiedAttribution"	"Attribution"	"process"@en	<http://www.ontologyrepository.com/CommonCoreOntologies/is_output_of>	"continuant"@en	"is output of"@en	"process"@en
<http://www.w3.org/ns/prov#qualifiedCommunication>	"occurrent"@en	"Activity"	"qualifiedCommunication"	"Communication"	"occurrent"@en	<http://purl.obolibrary.org/obo/BFO_0000062>	"occurrent"@en	"preceded by"@en	"occurrent"@en
<http://www.w3.org/ns/prov#qualifiedCommunication>	"occurrent"@en	"Activity"	"qualifiedCommunication"	"Communication"	"occurrent"@en	<http://purl.obolibrary.org/obo/BFO_0000063>	"occurrent"@en	"precedes"@en	"occurrent"@en
<http://www.w3.org/ns/prov#qualifiedCommunication>	"occurrent"@en	"Activity"	"qualifiedCommunication"	"Communication"	"occurrent"@en	<http://purl.obolibrary.org/obo/BFO_0000117>	"occurrent"@en	"has occurrent part"@en	"occurrent"@en
<http://www.w3.org/ns/prov#qualifiedCommunication>	"occurrent"@en	"Activity"	"qualifiedCommunication"	"Communication"	"occurrent"@en	<http://purl.obolibrary.org/obo/BFO_0000118>	"occurrent"@en	"has proper occurrent part"@en	"occurrent"@en
<http://www.w3.org/ns/prov#qualifiedCommunication>	"occurrent"@en	"Activity"	"qualifiedCommunication"	"Communication"	"occurrent"@en	<http://purl.obolibrary.org/obo/BFO_0000121>	"occurrent"@en	"has temporal part"@en	"occurrent"@en
<http://www.w3.org/ns/prov#qualifiedCommunication>	"occurrent"@en	"Activity"	"qualifiedCommunication"	"Communication"	"occurrent"@en	<http://purl.obolibrary.org/obo/BFO_0000132>	"occurrent"@en	"occurrent part of"@en	"occurrent"@en
<http://www.w3.org/ns/prov#qualifiedCommunication>	"occurrent"@en	"Activity"	"qualifiedCommunication"	"Communication"	"occurrent"@en	<http://purl.obolibrary.org/obo/BFO_0000136>	"occurrent"@en	"proper temporal part of"@en	"occurrent"@en
<http://www.w3.org/ns/prov#qualifiedCommunication>	"occurrent"@en	"Activity"	"qualifiedCommunication"	"Communication"	"occurrent"@en	<http://purl.obolibrary.org/obo/BFO_0000138>	"occurrent"@en	"proper occurrent part of"@en	"occurrent"@en
<http://www.w3.org/ns/prov#qualifiedCommunication>	"occurrent"@en	"Activity"	"qualifiedCommunication"	"Communication"	"occurrent"@en	<http://purl.obolibrary.org/obo/BFO_0000139>	"occurrent"@en	"temporal part of"@en	"occurrent"@en
<http://www.w3.org/ns/prov#qualifiedCommunication>	"occurrent"@en	"Activity"	"qualifiedCommunication"	"Communication"	"occurrent"@en	<http://purl.obolibrary.org/obo/BFO_0000181>	"occurrent"@en	"has proper temporal part"@en	"occurrent"@en
<http://www.w3.org/ns/prov#qualifiedCommunication>	"occurrent"@en	"Activity"	"qualifiedCommunication"	"Communication"	"occurrent"@en	<http://www.ontologyrepository.com/CommonCoreOntologies/caused_by>	"occurrent"@en	"caused by"@en	"occurrent"@en
<http://www.w3.org/ns/prov#qualifiedCommunication>	"occurrent"@en	"Activity"	"qualifiedCommunication"	"Communication"	"occurrent"@en	<http://www.ontologyrepository.com/CommonCoreOntologies/is_cause_of>	"occurrent"@en	"is cause of"@en	"occurrent"@en
<http://www.w3.org/ns/prov#qualifiedCommunication>	"process"@en	"Activity"	"qualifiedCommunication"	"Communication"	"process"@en	<http://www.ontologyrepository.com/CommonCoreOntologies/disrupts>	"process"@en	"disrupts"@en	"process"@en
<http://www.w3.org/ns/prov#qualifiedCommunication>	"process"@en	"Activity"	"qualifiedCommunication"	"Communication"	"process"@en	<http://www.ontologyrepository.com/CommonCoreOntologies/has_process_part>	"process"@en	"has process part"@en	"process"@en
<http://www.w3.org/ns/prov#qualifiedCommunication>	"process"@en	"Activity"	"qualifiedCommunication"	"Communication"	"process"@en	<http://www.ontologyrepository.com/CommonCoreOntologies/is_disrupted_by>	"process"@en	"is disrupted by"@en	"process"@en
<http://www.w3.org/ns/prov#qualifiedCommunication>	"process"@en	"Activity"	"qualifiedCommunication"	"Communication"	"process"@en	<http://www.ontologyrepository.com/CommonCoreOntologies/is_part_of_process>	"process"@en	"is part of process"@en	"process"@en
<http://www.w3.org/ns/prov#qualifiedDelegation>	"continuant"@en	"Agent"	"qualifiedDelegation"	"Delegation"	"occurrent"@en	<http://purl.obolibrary.org/obo/RO_0000056>	"continuant"@en	"participates in"@en	"occurrent"@en
<http://www.w3.org/ns/prov#qualifiedDelegation>	"continuant"@en	"Agent"	"qualifiedDelegation"	"Delegation"	"process"@en	<http://www.ontologyrepository.com/CommonCoreOntologies/is_affected_by>	"continuant"@en	"is affected by"@en	"process"@en
<http://www.w3.org/ns/prov#qualifiedDelegation>	"continuant"@en	"Agent"	"qualifiedDelegation"	"Delegation"	"process"@en	<http://www.ontologyrepository.com/CommonCoreOntologies/is_input_of>	"continuant"@en	"is input of"@en	"process"@en
<http://www.w3.org/ns/prov#qualifiedDelegation>	"continuant"@en	"Agent"	"qualifiedDelegation"	"Delegation"	"process"@en	<http://www.ontologyrepository.com/CommonCoreOntologies/is_output_of>	"continuant"@en	"is output of"@en	"process"@en
<http://www.w3.org/ns/prov#qualifiedDelegation>	"material entity"@en	"Agent"	"qualifiedDelegation"	"Delegation"	"process"@en	<http://www.ontologyrepository.com/CommonCoreOntologies/accessory_in>	"material entity"@en	"accessory in"@en	"process"@en
<http://www.w3.org/ns/prov#qualifiedDelegation>	"material entity"@en	"Agent"	"qualifiedDelegation"	"Delegation"	"process"@en	<http://www.ontologyrepository.com/CommonCoreOntologies/accomplice_in>	"material entity"@en	"accomplice in"@en	"process"@en
<http://www.w3.org/ns/prov#qualifiedDerivation>	"continuant"@en	"Entity"	"qualifiedDerivation"	"Derivation"	"occurrent"@en	<http://purl.obolibrary.org/obo/RO_0000056>	"continuant"@en	"participates in"@en	"occurrent"@en
<http://www.w3.org/ns/prov#qualifiedDerivation>	"continuant"@en	"Entity"	"qualifiedDerivation"	"Derivation"	"process"@en	<http://www.ontologyrepository.com/CommonCoreOntologies/is_affected_by>	"continuant"@en	"is affected by"@en	"process"@en
<http://www.w3.org/ns/prov#qualifiedDerivation>	"continuant"@en	"Entity"	"qualifiedDerivation"	"Derivation"	"process"@en	<http://www.ontologyrepository.com/CommonCoreOntologies/is_input_of>	"continuant"@en	"is input of"@en	"process"@en
<http://www.w3.org/ns/prov#qualifiedDerivation>	"continuant"@en	"Entity"	"qualifiedDerivation"	"Derivation"	"process"@en	<http://www.ontologyrepository.com/CommonCoreOntologies/is_output_of>	"continuant"@en	"is output of"@en	"process"@en
<http://www.w3.org/ns/prov#qualifiedEnd>	"occurrent"@en	"Activity"	"qualifiedEnd"	"End"	"occurrent"@en	<http://purl.obolibrary.org/obo/BFO_0000062>	"occurrent"@en	"preceded by"@en	"occurrent"@en
<http://www.w3.org/ns/prov#qualifiedEnd>	"occurrent"@en	"Activity"	"qualifiedEnd"	"End"	"occurrent"@en	<http://purl.obolibrary.org/obo/BFO_0000063>	"occurrent"@en	"precedes"@en	"occurrent"@en
<http://www.w3.org/ns/prov#qualifiedEnd>	"occurrent"@en	"Activity"	"qualifiedEnd"	"End"	"occurrent"@en	<http://purl.obolibrary.org/obo/BFO_0000117>	"occurrent"@en	"has occurrent part"@en	"occurrent"@en
<http://www.w3.org/ns/prov#qualifiedEnd>	"occurrent"@en	"Activity"	"qualifiedEnd"	"End"	"occurrent"@en	<http://purl.obolibrary.org/obo/BFO_0000118>	"occurrent"@en	"has proper occurrent part"@en	"occurrent"@en
<http://www.w3.org/ns/prov#qualifiedEnd>	"occurrent"@en	"Activity"	"qualifiedEnd"	"End"	"occurrent"@en	<http://purl.obolibrary.org/obo/BFO_0000121>	"occurrent"@en	"has temporal part"@en	"occurrent"@en
<http://www.w3.org/ns/prov#qualifiedEnd>	"occurrent"@en	"Activity"	"qualifiedEnd"	"End"	"occurrent"@en	<http://purl.obolibrary.org/obo/BFO_0000132>	"occurrent"@en	"occurrent part of"@en	"occurrent"@en
<http://www.w3.org/ns/prov#qualifiedEnd>	"occurrent"@en	"Activity"	"qualifiedEnd"	"End"	"occurrent"@en	<http://purl.obolibrary.org/obo/BFO_0000136>	"occurrent"@en	"proper temporal part of"@en	"occurrent"@en
<http://www.w3.org/ns/prov#qualifiedEnd>	"occurrent"@en	"Activity"	"qualifiedEnd"	"End"	"occurrent"@en	<http://purl.obolibrary.org/obo/BFO_0000138>	"occurrent"@en	"proper occurrent part of"@en	"occurrent"@en
<http://www.w3.org/ns/prov#qualifiedEnd>	"occurrent"@en	"Activity"	"qualifiedEnd"	"End"	"occurrent"@en	<http://purl.obolibrary.org/obo/BFO_0000139>	"occurrent"@en	"temporal part of"@en	"occurrent"@en
<http://www.w3.org/ns/prov#qualifiedEnd>	"occurrent"@en	"Activity"	"qualifiedEnd"	"End"	"occurrent"@en	<http://purl.obolibrary.org/obo/BFO_0000181>	"occurrent"@en	"has proper temporal part"@en	"occurrent"@en
<http://www.w3.org/ns/prov#qualifiedEnd>	"occurrent"@en	"Activity"	"qualifiedEnd"	"End"	"occurrent"@en	<http://www.ontologyrepository.com/CommonCoreOntologies/caused_by>	"occurrent"@en	"caused by"@en	"occurrent"@en
<http://www.w3.org/ns/prov#qualifiedEnd>	"occurrent"@en	"Activity"	"qualifiedEnd"	"End"	"occurrent"@en	<http://www.ontologyrepository.com/CommonCoreOntologies/is_cause_of>	"occurrent"@en	"is cause of"@en	"occurrent"@en
<http://www.w3.org/ns/prov#qualifiedEnd>	"process"@en	"Activity"	"qualifiedEnd"	"End"	"process"@en	<http://www.ontologyrepository.com/CommonCoreOntologies/disrupts>	"process"@en	"disrupts"@en	"process"@en
<http://www.w3.org/ns/prov#qualifiedEnd>	"process"@en	"Activity"	"qualifiedEnd"	"End"	"process"@en	<http://www.ontologyrepository.com/CommonCoreOntologies/has_process_part>	"process"@en	"has process part"@en	"process"@en
<http://www.w3.org/ns/prov#qualifiedEnd>	"process"@en	"Activity"	"qualifiedEnd"	"End"	"process"@en	<http://www.ontologyrepository.com/CommonCoreOntologies/is_disrupted_by>	"process"@en	"is disrupted by"@en	"process"@en
<http://www.w3.org/ns/prov#qualifiedEnd>	"process"@en	"Activity"	"qualifiedEnd"	"End"	"process"@en	<http://www.ontologyrepository.com/CommonCoreOntologies/is_part_of_process>	"process"@en	"is part of process"@en	"process"@en
<http://www.w3.org/ns/prov#qualifiedGeneration>	"continuant"@en	"Entity"	"qualifiedGeneration"	"Generation"	"occurrent"@en	<http://purl.obolibrary.org/obo/RO_0000056>	"continuant"@en	"participates in"@en	"occurrent"@en
<http://www.w3.org/ns/prov#qualifiedGeneration>	"continuant"@en	"Entity"	"qualifiedGeneration"	"Generation"	"process"@en	<http://www.ontologyrepository.com/CommonCoreOntologies/is_affected_by>	"continuant"@en	"is affected by"@en	"process"@en
<http://www.w3.org/ns/prov#qualifiedGeneration>	"continuant"@en	"Entity"	"qualifiedGeneration"	"Generation"	"process"@en	<http://www.ontologyrepository.com/CommonCoreOntologies/is_input_of>	"continuant"@en	"is input of"@en	"process"@en
<http://www.w3.org/ns/prov#qualifiedGeneration>	"continuant"@en	"Entity"	"qualifiedGeneration"	"Generation"	"process"@en	<http://www.ontologyrepository.com/CommonCoreOntologies/is_output_of>	"continuant"@en	"is output of"@en	"process"@en
<http://www.w3.org/ns/prov#qualifiedInvalidation>	"continuant"@en	"Entity"	"qualifiedInvalidation"	"Invalidation"	"occurrent"@en	<http://purl.obolibrary.org/obo/RO_0000056>	"continuant"@en	"participates in"@en	"occurrent"@en
<http://www.w3.org/ns/prov#qualifiedInvalidation>	"continuant"@en	"Entity"	"qualifiedInvalidation"	"Invalidation"	"process"@en	<http://www.ontologyrepository.com/CommonCoreOntologies/is_affected_by>	"continuant"@en	"is affected by"@en	"process"@en
<http://www.w3.org/ns/prov#qualifiedInvalidation>	"continuant"@en	"Entity"	"qualifiedInvalidation"	"Invalidation"	"process"@en	<http://www.ontologyrepository.com/CommonCoreOntologies/is_input_of>	"continuant"@en	"is input of"@en	"process"@en
<http://www.w3.org/ns/prov#qualifiedInvalidation>	"continuant"@en	"Entity"	"qualifiedInvalidation"	"Invalidation"	"process"@en	<http://www.ontologyrepository.com/CommonCoreOntologies/is_output_of>	"continuant"@en	"is output of"@en	"process"@en
<http://www.w3.org/ns/prov#qualifiedPrimarySource>	"continuant"@en	"Entity"	"qualifiedPrimarySource"	"PrimarySource"	"occurrent"@en	<http://purl.obolibrary.org/obo/RO_0000056>	"continuant"@en	"participates in"@en	"occurrent"@en
<http://www.w3.org/ns/prov#qualifiedPrimarySource>	"continuant"@en	"Entity"	"qualifiedPrimarySource"	"PrimarySource"	"process"@en	<http://www.ontologyrepository.com/CommonCoreOntologies/is_affected_by>	"continuant"@en	"is affected by"@en	"process"@en
<http://www.w3.org/ns/prov#qualifiedPrimarySource>	"continuant"@en	"Entity"	"qualifiedPrimarySource"	"PrimarySource"	"process"@en	<http://www.ontologyrepository.com/CommonCoreOntologies/is_input_of>	"continuant"@en	"is input of"@en	"process"@en
<http://www.w3.org/ns/prov#qualifiedPrimarySource>	"continuant"@en	"Entity"	"qualifiedPrimarySource"	"PrimarySource"	"process"@en	<http://www.ontologyrepository.com/CommonCoreOntologies/is_output_of>	"continuant"@en	"is output of"@en	"process"@en
<http://www.w3.org/ns/prov#qualifiedQuotation>	"continuant"@en	"Entity"	"qualifiedQuotation"	"Quotation"	"occurrent"@en	<http://purl.obolibrary.org/obo/RO_0000056>	"continuant"@en	"participates in"@en	"occurrent"@en
<http://www.w3.org/ns/prov#qualifiedQuotation>	"continuant"@en	"Entity"	"qualifiedQuotation"	"Quotation"	"process"@en	<http://www.ontologyrepository.com/CommonCoreOntologies/is_affected_by>	"continuant"@en	"is affected by"@en	"process"@en
<http://www.w3.org/ns/prov#qualifiedQuotation>	"continuant"@en	"Entity"	"qualifiedQuotation"	"Quotation"	"process"@en	<http://www.ontologyrepository.com/CommonCoreOntologies/is_input_of>	"continuant"@en	"is input of"@en	"process"@en
<http://www.w3.org/ns/prov#qualifiedQuotation>	"continuant"@en	"Entity"	"qualifiedQuotation"	"Quotation"	"process"@en	<http://www.ontologyrepository.com/CommonCoreOntologies/is_output_of>	"continuant"@en	"is output of"@en	"process"@en
<http://www.w3.org/ns/prov#qualifiedRevision>	"continuant"@en	"Entity"	"qualifiedRevision"	"Revision"	"occurrent"@en	<http://purl.obolibrary.org/obo/RO_0000056>	"continuant"@en	"participates in"@en	"occurrent"@en
<http://www.w3.org/ns/prov#qualifiedRevision>	"continuant"@en	"Entity"	"qualifiedRevision"	"Revision"	"process"@en	<http://www.ontologyrepository.com/CommonCoreOntologies/is_affected_by>	"continuant"@en	"is affected by"@en	"process"@en
<http://www.w3.org/ns/prov#qualifiedRevision>	"continuant"@en	"Entity"	"qualifiedRevision"	"Revision"	"process"@en	<http://www.ontologyrepository.com/CommonCoreOntologies/is_input_of>	"continuant"@en	"is input of"@en	"process"@en
<http://www.w3.org/ns/prov#qualifiedRevision>	"continuant"@en	"Entity"	"qualifiedRevision"	"Revision"	"process"@en	<http://www.ontologyrepository.com/CommonCoreOntologies/is_output_of>	"continuant"@en	"is output of"@en	"process"@en
<http://www.w3.org/ns/prov#qualifiedStart>	"occurrent"@en	"Activity"	"qualifiedStart"	"Start"	"occurrent"@en	<http://purl.obolibrary.org/obo/BFO_0000062>	"occurrent"@en	"preceded by"@en	"occurrent"@en
<http://www.w3.org/ns/prov#qualifiedStart>	"occurrent"@en	"Activity"	"qualifiedStart"	"Start"	"occurrent"@en	<http://purl.obolibrary.org/obo/BFO_0000063>	"occurrent"@en	"precedes"@en	"occurrent"@en
<http://www.w3.org/ns/prov#qualifiedStart>	"occurrent"@en	"Activity"	"qualifiedStart"	"Start"	"occurrent"@en	<http://purl.obolibrary.org/obo/BFO_0000117>	"occurrent"@en	"has occurrent part"@en	"occurrent"@en
<http://www.w3.org/ns/prov#qualifiedStart>	"occurrent"@en	"Activity"	"qualifiedStart"	"Start"	"occurrent"@en	<http://purl.obolibrary.org/obo/BFO_0000118>	"occurrent"@en	"has proper occurrent part"@en	"occurrent"@en
<http://www.w3.org/ns/prov#qualifiedStart>	"occurrent"@en	"Activity"	"qualifiedStart"	"Start"	"occurrent"@en	<http://purl.obolibrary.org/obo/BFO_0000121>	"occurrent"@en	"has temporal part"@en	"occurrent"@en
<http://www.w3.org/ns/prov#qualifiedStart>	"occurrent"@en	"Activity"	"qualifiedStart"	"Start"	"occurrent"@en	<http://purl.obolibrary.org/obo/BFO_0000132>	"occurrent"@en	"occurrent part of"@en	"occurrent"@en
<http://www.w3.org/ns/prov#qualifiedStart>	"occurrent"@en	"Activity"	"qualifiedStart"	"Start"	"occurrent"@en	<http://purl.obolibrary.org/obo/BFO_0000136>	"occurrent"@en	"proper temporal part of"@en	"occurrent"@en
<http://www.w3.org/ns/prov#qualifiedStart>	"occurrent"@en	"Activity"	"qualifiedStart"	"Start"	"occurrent"@en	<http://purl.obolibrary.org/obo/BFO_0000138>	"occurrent"@en	"proper occurrent part of"@en	"occurrent"@en
<http://www.w3.org/ns/prov#qualifiedStart>	"occurrent"@en	"Activity"	"qualifiedStart"	"Start"	"occurrent"@en	<http://purl.obolibrary.org/obo/BFO_0000139>	"occurrent"@en	"temporal part of"@en	"occurrent"@en
<http://www.w3.org/ns/prov#qualifiedStart>	"occurrent"@en	"Activity"	"qualifiedStart"	"Start"	"occurrent"@en	<http://purl.obolibrary.org/obo/BFO_0000181>	"occurrent"@en	"has proper temporal part"@en	"occurrent"@en
<http://www.w3.org/ns/prov#qualifiedStart>	"occurrent"@en	"Activity"	"qualifiedStart"	"Start"	"occurrent"@en	<http://www.ontologyrepository.com/CommonCoreOntologies/caused_by>	"occurrent"@en	"caused by"@en	"occurrent"@en
<http://www.w3.org/ns/prov#qualifiedStart>	"occurrent"@en	"Activity"	"qualifiedStart"	"Start"	"occurrent"@en	<http://www.ontologyrepository.com/CommonCoreOntologies/is_cause_of>	"occurrent"@en	"is cause of"@en	"occurrent"@en
<http://www.w3.org/ns/prov#qualifiedStart>	"process"@en	"Activity"	"qualifiedStart"	"Start"	"process"@en	<http://www.ontologyrepository.com/CommonCoreOntologies/disrupts>	"process"@en	"disrupts"@en	"process"@en
<http://www.w3.org/ns/prov#qualifiedStart>	"process"@en	"Activity"	"qualifiedStart"	"Start"	"process"@en	<http://www.ontologyrepository.com/CommonCoreOntologies/has_process_part>	"process"@en	"has process part"@en	"process"@en
<http://www.w3.org/ns/prov#qualifiedStart>	"process"@en	"Activity"	"qualifiedStart"	"Start"	"process"@en	<http://www.ontologyrepository.com/CommonCoreOntologies/is_disrupted_by>	"process"@en	"is disrupted by"@en	"process"@en
<http://www.w3.org/ns/prov#qualifiedStart>	"process"@en	"Activity"	"qualifiedStart"	"Start"	"process"@en	<http://www.ontologyrepository.com/CommonCoreOntologies/is_part_of_process>	"process"@en	"is part of process"@en	"process"@en
<http://www.w3.org/ns/prov#qualifiedUsage>	"occurrent"@en	"Activity"	"qualifiedUsage"	"Usage"	"occurrent"@en	<http://purl.obolibrary.org/obo/BFO_0000062>	"occurrent"@en	"preceded by"@en	"occurrent"@en
<http://www.w3.org/ns/prov#qualifiedUsage>	"occurrent"@en	"Activity"	"qualifiedUsage"	"Usage"	"occurrent"@en	<http://purl.obolibrary.org/obo/BFO_0000063>	"occurrent"@en	"precedes"@en	"occurrent"@en
<http://www.w3.org/ns/prov#qualifiedUsage>	"occurrent"@en	"Activity"	"qualifiedUsage"	"Usage"	"occurrent"@en	<http://purl.obolibrary.org/obo/BFO_0000117>	"occurrent"@en	"has occurrent part"@en	"occurrent"@en
<http://www.w3.org/ns/prov#qualifiedUsage>	"occurrent"@en	"Activity"	"qualifiedUsage"	"Usage"	"occurrent"@en	<http://purl.obolibrary.org/obo/BFO_0000118>	"occurrent"@en	"has proper occurrent part"@en	"occurrent"@en
<http://www.w3.org/ns/prov#qualifiedUsage>	"occurrent"@en	"Activity"	"qualifiedUsage"	"Usage"	"occurrent"@en	<http://purl.obolibrary.org/obo/BFO_0000121>	"occurrent"@en	"has temporal part"@en	"occurrent"@en
<http://www.w3.org/ns/prov#qualifiedUsage>	"occurrent"@en	"Activity"	"qualifiedUsage"	"Usage"	"occurrent"@en	<http://purl.obolibrary.org/obo/BFO_0000132>	"occurrent"@en	"occurrent part of"@en	"occurrent"@en
<http://www.w3.org/ns/prov#qualifiedUsage>	"occurrent"@en	"Activity"	"qualifiedUsage"	"Usage"	"occurrent"@en	<http://purl.obolibrary.org/obo/BFO_0000136>	"occurrent"@en	"proper temporal part of"@en	"occurrent"@en
<http://www.w3.org/ns/prov#qualifiedUsage>	"occurrent"@en	"Activity"	"qualifiedUsage"	"Usage"	"occurrent"@en	<http://purl.obolibrary.org/obo/BFO_0000138>	"occurrent"@en	"proper occurrent part of"@en	"occurrent"@en
<http://www.w3.org/ns/prov#qualifiedUsage>	"occurrent"@en	"Activity"	"qualifiedUsage"	"Usage"	"occurrent"@en	<http://purl.obolibrary.org/obo/BFO_0000139>	"occurrent"@en	"temporal part of"@en	"occurrent"@en
<http://www.w3.org/ns/prov#qualifiedUsage>	"occurrent"@en	"Activity"	"qualifiedUsage"	"Usage"	"occurrent"@en	<http://purl.obolibrary.org/obo/BFO_0000181>	"occurrent"@en	"has proper temporal part"@en	"occurrent"@en
<http://www.w3.org/ns/prov#qualifiedUsage>	"occurrent"@en	"Activity"	"qualifiedUsage"	"Usage"	"occurrent"@en	<http://www.ontologyrepository.com/CommonCoreOntologies/caused_by>	"occurrent"@en	"caused by"@en	"occurrent"@en
<http://www.w3.org/ns/prov#qualifiedUsage>	"occurrent"@en	"Activity"	"qualifiedUsage"	"Usage"	"occurrent"@en	<http://www.ontologyrepository.com/CommonCoreOntologies/is_cause_of>	"occurrent"@en	"is cause of"@en	"occurrent"@en
<http://www.w3.org/ns/prov#qualifiedUsage>	"process"@en	"Activity"	"qualifiedUsage"	"Usage"	"process"@en	<http://www.ontologyrepository.com/CommonCoreOntologies/disrupts>	"process"@en	"disrupts"@en	"process"@en
<http://www.w3.org/ns/prov#qualifiedUsage>	"process"@en	"Activity"	"qualifiedUsage"	"Usage"	"process"@en	<http://www.ontologyrepository.com/CommonCoreOntologies/has_process_part>	"process"@en	"has process part"@en	"process"@en
<http://www.w3.org/ns/prov#qualifiedUsage>	"process"@en	"Activity"	"qualifiedUsage"	"Usage"	"process"@en	<http://www.ontologyrepository.com/CommonCoreOntologies/is_disrupted_by>	"process"@en	"is disrupted by"@en	"process"@en
<http://www.w3.org/ns/prov#qualifiedUsage>	"process"@en	"Activity"	"qualifiedUsage"	"Usage"	"process"@en	<http://www.ontologyrepository.com/CommonCoreOntologies/is_part_of_process>	"process"@en	"is part of process"@en	"process"@en
<http://www.w3.org/ns/prov#specializationOf>	"continuant"@en	"Entity"	"specializationOf"	"Entity"	"continuant"@en	<http://purl.obolibrary.org/obo/BFO_0000110>	"continuant"@en	"has continuant part at all times"@en	"continuant"@en
<http://www.w3.org/ns/prov#specializationOf>	"continuant"@en	"Entity"	"specializationOf"	"Entity"	"continuant"@en	<http://purl.obolibrary.org/obo/BFO_0000111>	"continuant"@en	"has proper continuant part at all times"@en	"continuant"@en
<http://www.w3.org/ns/prov#specializationOf>	"continuant"@en	"Entity"	"specializationOf"	"Entity"	"continuant"@en	<http://purl.obolibrary.org/obo/BFO_0000137>	"continuant"@en	"proper continuant part of at all times"@en	"continuant"@en
<http://www.w3.org/ns/prov#specializationOf>	"continuant"@en	"Entity"	"specializationOf"	"Entity"	"continuant"@en	<http://purl.obolibrary.org/obo/BFO_0000174>	"continuant"@en	"has proper continuant part at some time"@en	"continuant"@en
<http://www.w3.org/ns/prov#specializationOf>	"continuant"@en	"Entity"	"specializationOf"	"Entity"	"continuant"@en	<http://purl.obolibrary.org/obo/BFO_0000175>	"continuant"@en	"proper continuant part of at some time"@en	"continuant"@en
<http://www.w3.org/ns/prov#specializationOf>	"continuant"@en	"Entity"	"specializationOf"	"Entity"	"continuant"@en	<http://purl.obolibrary.org/obo/BFO_0000176>	"continuant"@en	"continuant part of at some time"@en	"continuant"@en
<http://www.w3.org/ns/prov#specializationOf>	"continuant"@en	"Entity"	"specializationOf"	"Entity"	"continuant"@en	<http://purl.obolibrary.org/obo/BFO_0000177>	"continuant"@en	"continuant part of at all times"@en	"continuant"@en
<http://www.w3.org/ns/prov#specializationOf>	"continuant"@en	"Entity"	"specializationOf"	"Entity"	"continuant"@en	<http://purl.obolibrary.org/obo/BFO_0000178>	"continuant"@en	"has continuant part at some time"@en	"continuant"@en
<http://www.w3.org/ns/prov#used>	"occurrent"@en	"Activity"	"used"	"Entity"	"continuant"@en	<http://purl.obolibrary.org/obo/RO_0000057>	"occurrent"@en	"has participant"@en	"continuant"@en
<http://www.w3.org/ns/prov#used>	"process"@en	"Activity"	"used"	"Entity"	"continuant"@en	<http://www.ontologyrepository.com/CommonCoreOntologies/affects>	"process"@en	"affects"@en	"continuant"@en
<http://www.w3.org/ns/prov#used>	"process"@en	"Activity"	"used"	"Entity"	"continuant"@en	<http://www.ontologyrepository.com/CommonCoreOntologies/has_input>	"process"@en	"has input"@en	"continuant"@en
<http://www.w3.org/ns/prov#used>	"process"@en	"Activity"	"used"	"Entity"	"continuant"@en	<http://www.ontologyrepository.com/CommonCoreOntologies/has_output>	"process"@en	"has output"@en	"continuant"@en
<http://www.w3.org/ns/prov#wasAssociatedWith>	"occurrent"@en	"Activity"	"wasAssociatedWith"	"Agent"	"independent continuant"@en	<http://purl.obolibrary.org/obo/BFO_0000066>	"occurrent"@en	"occurs in"@en	"independent continuant"@en
<http://www.w3.org/ns/prov#wasAssociatedWith>	"occurrent"@en	"Activity"	"wasAssociatedWith"	"Agent"	"continuant"@en	<http://purl.obolibrary.org/obo/RO_0000057>	"occurrent"@en	"has participant"@en	"continuant"@en
<http://www.w3.org/ns/prov#wasAssociatedWith>	"process"@en	"Activity"	"wasAssociatedWith"	"Agent"	"continuant"@en	<http://www.ontologyrepository.com/CommonCoreOntologies/affects>	"process"@en	"affects"@en	"continuant"@en
<http://www.w3.org/ns/prov#wasAssociatedWith>	"process"@en	"Activity"	"wasAssociatedWith"	"Agent"	"material entity"@en	<http://www.ontologyrepository.com/CommonCoreOntologies/has_accessory>	"process"@en	"has accessory"@en	"material entity"@en
<http://www.w3.org/ns/prov#wasAssociatedWith>	"process"@en	"Activity"	"wasAssociatedWith"	"Agent"	"material entity"@en	<http://www.ontologyrepository.com/CommonCoreOntologies/has_accomplice>	"process"@en	"has accomplice"@en	"material entity"@en
<http://www.w3.org/ns/prov#wasAssociatedWith>	"process"@en	"Activity"	"wasAssociatedWith"	"Agent"	"continuant"@en	<http://www.ontologyrepository.com/CommonCoreOntologies/has_input>	"process"@en	"has input"@en	"continuant"@en
<http://www.w3.org/ns/prov#wasAssociatedWith>	"process"@en	"Activity"	"wasAssociatedWith"	"Agent"	"continuant"@en	<http://www.ontologyrepository.com/CommonCoreOntologies/has_output>	"process"@en	"has output"@en	"continuant"@en
<http://www.w3.org/ns/prov#wasAttributedTo>	"continuant"@en	"Entity"	"wasAttributedTo"	"Agent"	"continuant"@en	<http://purl.obolibrary.org/obo/BFO_0000110>	"continuant"@en	"has continuant part at all times"@en	"continuant"@en
<http://www.w3.org/ns/prov#wasAttributedTo>	"continuant"@en	"Entity"	"wasAttributedTo"	"Agent"	"continuant"@en	<http://purl.obolibrary.org/obo/BFO_0000111>	"continuant"@en	"has proper continuant part at all times"@en	"continuant"@en
<http://www.w3.org/ns/prov#wasAttributedTo>	"continuant"@en	"Entity"	"wasAttributedTo"	"Agent"	"continuant"@en	<http://purl.obolibrary.org/obo/BFO_0000137>	"continuant"@en	"proper continuant part of at all times"@en	"continuant"@en
<http://www.w3.org/ns/prov#wasAttributedTo>	"continuant"@en	"Entity"	"wasAttributedTo"	"Agent"	"continuant"@en	<http://purl.obolibrary.org/obo/BFO_0000174>	"continuant"@en	"has proper continuant part at some time"@en	"continuant"@en
<http://www.w3.org/ns/prov#wasAttributedTo>	"continuant"@en	"Entity"	"wasAttributedTo"	"Agent"	"continuant"@en	<http://purl.obolibrary.org/obo/BFO_0000175>	"continuant"@en	"proper continuant part of at some time"@en	"continuant"@en
<http://www.w3.org/ns/prov#wasAttributedTo>	"continuant"@en	"Entity"	"wasAttributedTo"	"Agent"	"continuant"@en	<http://purl.obolibrary.org/obo/BFO_0000176>	"continuant"@en	"continuant part of at some time"@en	"continuant"@en
<http://www.w3.org/ns/prov#wasAttributedTo>	"continuant"@en	"Entity"	"wasAttributedTo"	"Agent"	"continuant"@en	<http://purl.obolibrary.org/obo/BFO_0000177>	"continuant"@en	"continuant part of at all times"@en	"continuant"@en
<http://www.w3.org/ns/prov#wasAttributedTo>	"continuant"@en	"Entity"	"wasAttributedTo"	"Agent"	"continuant"@en	<http://purl.obolibrary.org/obo/BFO_0000178>	"continuant"@en	"has continuant part at some time"@en	"continuant"@en
<http://www.w3.org/ns/prov#wasDerivedFrom>	"continuant"@en	"Entity"	"wasDerivedFrom"	"Entity"	"continuant"@en	<http://purl.obolibrary.org/obo/BFO_0000110>	"continuant"@en	"has continuant part at all times"@en	"continuant"@en
<http://www.w3.org/ns/prov#wasDerivedFrom>	"continuant"@en	"Entity"	"wasDerivedFrom"	"Entity"	"continuant"@en	<http://purl.obolibrary.org/obo/BFO_0000111>	"continuant"@en	"has proper continuant part at all times"@en	"continuant"@en
<http://www.w3.org/ns/prov#wasDerivedFrom>	"continuant"@en	"Entity"	"wasDerivedFrom"	"Entity"	"continuant"@en	<http://purl.obolibrary.org/obo/BFO_0000137>	"continuant"@en	"proper continuant part of at all times"@en	"continuant"@en
<http://www.w3.org/ns/prov#wasDerivedFrom>	"continuant"@en	"Entity"	"wasDerivedFrom"	"Entity"	"continuant"@en	<http://purl.obolibrary.org/obo/BFO_0000174>	"continuant"@en	"has proper continuant part at some time"@en	"continuant"@en
<http://www.w3.org/ns/prov#wasDerivedFrom>	"continuant"@en	"Entity"	"wasDerivedFrom"	"Entity"	"continuant"@en	<http://purl.obolibrary.org/obo/BFO_0000175>	"continuant"@en	"proper continuant part of at some time"@en	"continuant"@en
<http://www.w3.org/ns/prov#wasDerivedFrom>	"continuant"@en	"Entity"	"wasDerivedFrom"	"Entity"	"continuant"@en	<http://purl.obolibrary.org/obo/BFO_0000176>	"continuant"@en	"continuant part of at some time"@en	"continuant"@en
<http://www.w3.org/ns/prov#wasDerivedFrom>	"continuant"@en	"Entity"	"wasDerivedFrom"	"Entity"	"continuant"@en	<http://purl.obolibrary.org/obo/BFO_0000177>	"continuant"@en	"continuant part of at all times"@en	"continuant"@en
<http://www.w3.org/ns/prov#wasDerivedFrom>	"continuant"@en	"Entity"	"wasDerivedFrom"	"Entity"	"continuant"@en	<http://purl.obolibrary.org/obo/BFO_0000178>	"continuant"@en	"has continuant part at some time"@en	"continuant"@en
<http://www.w3.org/ns/prov#wasEndedBy>	"occurrent"@en	"Activity"	"wasEndedBy"	"Entity"	"continuant"@en	<http://purl.obolibrary.org/obo/RO_0000057>	"occurrent"@en	"has participant"@en	"continuant"@en
<http://www.w3.org/ns/prov#wasEndedBy>	"process"@en	"Activity"	"wasEndedBy"	"Entity"	"continuant"@en	<http://www.ontologyrepository.com/CommonCoreOntologies/affects>	"process"@en	"affects"@en	"continuant"@en
<http://www.w3.org/ns/prov#wasEndedBy>	"process"@en	"Activity"	"wasEndedBy"	"Entity"	"continuant"@en	<http://www.ontologyrepository.com/CommonCoreOntologies/has_input>	"process"@en	"has input"@en	"continuant"@en
<http://www.w3.org/ns/prov#wasEndedBy>	"process"@en	"Activity"	"wasEndedBy"	"Entity"	"continuant"@en	<http://www.ontologyrepository.com/CommonCoreOntologies/has_output>	"process"@en	"has output"@en	"continuant"@en
<http://www.w3.org/ns/prov#wasGeneratedBy>	"continuant"@en	"Entity"	"wasGeneratedBy"	"Activity"	"occurrent"@en	<http://purl.obolibrary.org/obo/RO_0000056>	"continuant"@en	"participates in"@en	"occurrent"@en
<http://www.w3.org/ns/prov#wasGeneratedBy>	"continuant"@en	"Entity"	"wasGeneratedBy"	"Activity"	"process"@en	<http://www.ontologyrepository.com/CommonCoreOntologies/is_affected_by>	"continuant"@en	"is affected by"@en	"process"@en
<http://www.w3.org/ns/prov#wasGeneratedBy>	"continuant"@en	"Entity"	"wasGeneratedBy"	"Activity"	"process"@en	<http://www.ontologyrepository.com/CommonCoreOntologies/is_input_of>	"continuant"@en	"is input of"@en	"process"@en
<http://www.w3.org/ns/prov#wasGeneratedBy>	"continuant"@en	"Entity"	"wasGeneratedBy"	"Activity"	"process"@en	<http://www.ontologyrepository.com/CommonCoreOntologies/is_output_of>	"continuant"@en	"is output of"@en	"process"@en
<http://www.w3.org/ns/prov#wasInformedBy>	"occurrent"@en	"Activity"	"wasInformedBy"	"Activity"	"occurrent"@en	<http://purl.obolibrary.org/obo/BFO_0000062>	"occurrent"@en	"preceded by"@en	"occurrent"@en
<http://www.w3.org/ns/prov#wasInformedBy>	"occurrent"@en	"Activity"	"wasInformedBy"	"Activity"	"occurrent"@en	<http://purl.obolibrary.org/obo/BFO_0000063>	"occurrent"@en	"precedes"@en	"occurrent"@en
<http://www.w3.org/ns/prov#wasInformedBy>	"occurrent"@en	"Activity"	"wasInformedBy"	"Activity"	"occurrent"@en	<http://purl.obolibrary.org/obo/BFO_0000117>	"occurrent"@en	"has occurrent part"@en	"occurrent"@en
<http://www.w3.org/ns/prov#wasInformedBy>	"occurrent"@en	"Activity"	"wasInformedBy"	"Activity"	"occurrent"@en	<http://purl.obolibrary.org/obo/BFO_0000118>	"occurrent"@en	"has proper occurrent part"@en	"occurrent"@en
<http://www.w3.org/ns/prov#wasInformedBy>	"occurrent"@en	"Activity"	"wasInformedBy"	"Activity"	"occurrent"@en	<http://purl.obolibrary.org/obo/BFO_0000121>	"occurrent"@en	"has temporal part"@en	"occurrent"@en
<http://www.w3.org/ns/prov#wasInformedBy>	"occurrent"@en	"Activity"	"wasInformedBy"	"Activity"	"occurrent"@en	<http://purl.obolibrary.org/obo/BFO_0000132>	"occurrent"@en	"occurrent part of"@en	"occurrent"@en
<http://www.w3.org/ns/prov#wasInformedBy>	"occurrent"@en	"Activity"	"wasInformedBy"	"Activity"	"occurrent"@en	<http://purl.obolibrary.org/obo/BFO_0000136>	"occurrent"@en	"proper temporal part of"@en	"occurrent"@en
<http://www.w3.org/ns/prov#wasInformedBy>	"occurrent"@en	"Activity"	"wasInformedBy"	"Activity"	"occurrent"@en	<http://purl.obolibrary.org/obo/BFO_0000138>	"occurrent"@en	"proper occurrent part of"@en	"occurrent"@en
<http://www.w3.org/ns/prov#wasInformedBy>	"occurrent"@en	"Activity"	"wasInformedBy"	"Activity"	"occurrent"@en	<http://purl.obolibrary.org/obo/BFO_0000139>	"occurrent"@en	"temporal part of"@en	"occurrent"@en
<http://www.w3.org/ns/prov#wasInformedBy>	"occurrent"@en	"Activity"	"wasInformedBy"	"Activity"	"occurrent"@en	<http://purl.obolibrary.org/obo/BFO_0000181>	"occurrent"@en	"has proper temporal part"@en	"occurrent"@en
<http://www.w3.org/ns/prov#wasInformedBy>	"occurrent"@en	"Activity"	"wasInformedBy"	"Activity"	"occurrent"@en	<http://www.ontologyrepository.com/CommonCoreOntologies/caused_by>	"occurrent"@en	"caused by"@en	"occurrent"@en
<http://www.w3.org/ns/prov#wasInformedBy>	"occurrent"@en	"Activity"	"wasInformedBy"	"Activity"	"occurrent"@en	<http://www.ontologyrepository.com/CommonCoreOntologies/is_cause_of>	"occurrent"@en	"is cause of"@en	"occurrent"@en
<http://www.w3.org/ns/prov#wasInformedBy>	"process"@en	"Activity"	"wasInformedBy"	"Activity"	"process"@en	<http://www.ontologyrepository.com/CommonCoreOntologies/disrupts>	"process"@en	"disrupts"@en	"process"@en
<http://www.w3.org/ns/prov#wasInformedBy>	"process"@en	"Activity"	"wasInformedBy"	"Activity"	"process"@en	<http://www.ontologyrepository.com/CommonCoreOntologies/has_process_part>	"process"@en	"has process part"@en	"process"@en
<http://www.w3.org/ns/prov#wasInformedBy>	"process"@en	"Activity"	"wasInformedBy"	"Activity"	"process"@en	<http://www.ontologyrepository.com/CommonCoreOntologies/is_disrupted_by>	"process"@en	"is disrupted by"@en	"process"@en
<http://www.w3.org/ns/prov#wasInformedBy>	"process"@en	"Activity"	"wasInformedBy"	"Activity"	"process"@en	<http://www.ontologyrepository.com/CommonCoreOntologies/is_part_of_process>	"process"@en	"is part of process"@en	"process"@en
<http://www.w3.org/ns/prov#wasInvalidatedBy>	"continuant"@en	"Entity"	"wasInvalidatedBy"	"Activity"	"occurrent"@en	<http://purl.obolibrary.org/obo/RO_0000056>	"continuant"@en	"participates in"@en	"occurrent"@en
<http://www.w3.org/ns/prov#wasInvalidatedBy>	"continuant"@en	"Entity"	"wasInvalidatedBy"	"Activity"	"process"@en	<http://www.ontologyrepository.com/CommonCoreOntologies/is_affected_by>	"continuant"@en	"is affected by"@en	"process"@en
<http://www.w3.org/ns/prov#wasInvalidatedBy>	"continuant"@en	"Entity"	"wasInvalidatedBy"	"Activity"	"process"@en	<http://www.ontologyrepository.com/CommonCoreOntologies/is_input_of>	"continuant"@en	"is input of"@en	"process"@en
<http://www.w3.org/ns/prov#wasInvalidatedBy>	"continuant"@en	"Entity"	"wasInvalidatedBy"	"Activity"	"process"@en	<http://www.ontologyrepository.com/CommonCoreOntologies/is_output_of>	"continuant"@en	"is output of"@en	"process"@en
<http://www.w3.org/ns/prov#wasQuotedFrom>	"continuant"@en	"Entity"	"wasQuotedFrom"	"Entity"	"continuant"@en	<http://purl.obolibrary.org/obo/BFO_0000110>	"continuant"@en	"has continuant part at all times"@en	"continuant"@en
<http://www.w3.org/ns/prov#wasQuotedFrom>	"continuant"@en	"Entity"	"wasQuotedFrom"	"Entity"	"continuant"@en	<http://purl.obolibrary.org/obo/BFO_0000111>	"continuant"@en	"has proper continuant part at all times"@en	"continuant"@en
<http://www.w3.org/ns/prov#wasQuotedFrom>	"continuant"@en	"Entity"	"wasQuotedFrom"	"Entity"	"continuant"@en	<http://purl.obolibrary.org/obo/BFO_0000137>	"continuant"@en	"proper continuant part of at all times"@en	"continuant"@en
<http://www.w3.org/ns/prov#wasQuotedFrom>	"continuant"@en	"Entity"	"wasQuotedFrom"	"Entity"	"continuant"@en	<http://purl.obolibrary.org/obo/BFO_0000174>	"continuant"@en	"has proper continuant part at some time"@en	"continuant"@en
<http://www.w3.org/ns/prov#wasQuotedFrom>	"continuant"@en	"Entity"	"wasQuotedFrom"	"Entity"	"continuant"@en	<http://purl.obolibrary.org/obo/BFO_0000175>	"continuant"@en	"proper continuant part of at some time"@en	"continuant"@en
<http://www.w3.org/ns/prov#wasQuotedFrom>	"continuant"@en	"Entity"	"wasQuotedFrom"	"Entity"	"continuant"@en	<http://purl.obolibrary.org/obo/BFO_0000176>	"continuant"@en	"continuant part of at some time"@en	"continuant"@en
<http://www.w3.org/ns/prov#wasQuotedFrom>	"continuant"@en	"Entity"	"wasQuotedFrom"	"Entity"	"continuant"@en	<http://purl.obolibrary.org/obo/BFO_0000177>	"continuant"@en	"continuant part of at all times"@en	"continuant"@en
<http://www.w3.org/ns/prov#wasQuotedFrom>	"continuant"@en	"Entity"	"wasQuotedFrom"	"Entity"	"continuant"@en	<http://purl.obolibrary.org/obo/BFO_0000178>	"continuant"@en	"has continuant part at some time"@en	"continuant"@en
<http://www.w3.org/ns/prov#wasRevisionOf>	"continuant"@en	"Entity"	"wasRevisionOf"	"Entity"	"continuant"@en	<http://purl.obolibrary.org/obo/BFO_0000110>	"continuant"@en	"has continuant part at all times"@en	"continuant"@en
<http://www.w3.org/ns/prov#wasRevisionOf>	"continuant"@en	"Entity"	"wasRevisionOf"	"Entity"	"continuant"@en	<http://purl.obolibrary.org/obo/BFO_0000111>	"continuant"@en	"has proper continuant part at all times"@en	"continuant"@en
<http://www.w3.org/ns/prov#wasRevisionOf>	"continuant"@en	"Entity"	"wasRevisionOf"	"Entity"	"continuant"@en	<http://purl.obolibrary.org/obo/BFO_0000137>	"continuant"@en	"proper continuant part of at all times"@en	"continuant"@en
<http://www.w3.org/ns/prov#wasRevisionOf>	"continuant"@en	"Entity"	"wasRevisionOf"	"Entity"	"continuant"@en	<http://purl.obolibrary.org/obo/BFO_0000174>	"continuant"@en	"has proper continuant part at some time"@en	"continuant"@en
<http://www.w3.org/ns/prov#wasRevisionOf>	"continuant"@en	"Entity"	"wasRevisionOf"	"Entity"	"continuant"@en	<http://purl.obolibrary.org/obo/BFO_0000175>	"continuant"@en	"proper continuant part of at some time"@en	"continuant"@en
<http://www.w3.org/ns/prov#wasRevisionOf>	"continuant"@en	"Entity"	"wasRevisionOf"	"Entity"	"continuant"@en	<http://purl.obolibrary.org/obo/BFO_0000176>	"continuant"@en	"continuant part of at some time"@en	"continuant"@en
<http://www.w3.org/ns/prov#wasRevisionOf>	"continuant"@en	"Entity"	"wasRevisionOf"	"Entity"	"continuant"@en	<http://purl.obolibrary.org/obo/BFO_0000177>	"continuant"@en	"continuant part of at all times"@en	"continuant"@en
<http://www.w3.org/ns/prov#wasRevisionOf>	"continuant"@en	"Entity"	"wasRevisionOf"	"Entity"	"continuant"@en	<http://purl.obolibrary.org/obo/BFO_0000178>	"continuant"@en	"has continuant part at some time"@en	"continuant"@en
<http://www.w3.org/ns/prov#wasStartedBy>	"occurrent"@en	"Activity"	"wasStartedBy"	"Entity"	"continuant"@en	<http://purl.obolibrary.org/obo/RO_0000057>	"occurrent"@en	"has participant"@en	"continuant"@en
<http://www.w3.org/ns/prov#wasStartedBy>	"process"@en	"Activity"	"wasStartedBy"	"Entity"	"continuant"@en	<http://www.ontologyrepository.com/CommonCoreOntologies/affects>	"process"@en	"affects"@en	"continuant"@en
<http://www.w3.org/ns/prov#wasStartedBy>	"process"@en	"Activity"	"wasStartedBy"	"Entity"	"continuant"@en	<http://www.ontologyrepository.com/CommonCoreOntologies/has_input>	"process"@en	"has input"@en	"continuant"@en
<http://www.w3.org/ns/prov#wasStartedBy>	"process"@en	"Activity"	"wasStartedBy"	"Entity"	"continuant"@en	<http://www.ontologyrepository.com/CommonCoreOntologies/has_output>	"process"@en	"has output"@en	"continuant"@en
